﻿<?xml version="1.0" encoding="UTF-8"?>
<?xml-stylesheet type="text/xsl" href="naranjo.xsl"?>

<!--	*Código XML para página Guía de Plantaciones.
		*Asignatura: Sistemas de interaccion Persona Computador.
		*Curso: 2019-2020
		*Universidad: ULL   
-->
<Plantaciones> <!-- Estructura raiz que englobara todos los tipos de plantaciones -->
	<Frutales> <!-- Plantaciones de tipo frutal -->
		<Planta NOMBRE='Naranjo'>
			<Imagen>naranjo.jpg</Imagen>

			<Descripcion>
			</Descripcion>
			<Cuidados>
				<Clima>
					Es una especie subtropical. No tolera las heladas, ya que sufre tanto las flores y frutos como la vegetación, que pueden desaparecer totalmente.
					Presenta escasa resistencia al frío (a los 3-5 ºC bajo cero sufre bastante).
				</Clima>
				<Terreno>
					El ideal es el arenoarcilloso con cierta cantidad de humus y siempre bien profundos. Por norma general, los terrenos para el citrus deben ser altos, con fácil drenaje, con mucha luz, aire y mucho espacio.
				</Terreno>
				<Plagas>
					<Nombre>
						MOSCA_BLANCA
					</Nombre>
					<Imagen>naranjo.jpg</Imagen>
					
					El adulto de la mosca blanca crea una melaza que puede cubrir por completo la hoja (envés), propiciando el desarrollo de la enfermedad de la negrilla. Además esta melaza debilita la formación de brotes y atrae a nuevas plagas del naranjo, como cochinillas y ácaros, además de  algunas enfermedades.

					Una forma de descubrir la mosca blanca entre las plagas del naranjo se basa en observar la circulación de hormigas (atraídas por la melaza) subiendo por el tronco hasta las hojas.
				
				</Plagas>
				<Plagas NOMBRE='ACARO'>
					<Imagen>naranjo.jpg</Imagen>
					Presentan un tamaño muy reducido, en torno a 0,3 – 0,6 mm. Se pueden dividir en dos tipos, araña roja (Tetranychus urticae) y ácaro rojo (Panonychus citri). Los daños que presentan sobre el naranjo son los siguientes:

					Araña roja: Se dispone en el envés de las hojas, tomando ésta un color amarillento y una formación cóncava.

					Ácaro rojo: las picaduras de éste ácaro tornan la hoja de color mate, provocando los mayores daños al finalizar el verano y comenzar el otoño.
				</Plagas>
				<Riegos>
					Demanda grandes aportes de agua (9000-12000 m3/ha). Hoy en día, la tendencia es emplear el riego localizado y por aspersión en grandes extensiones de zonas frías. Con ello lo protegemos contra las heladas.
				</Riegos>
			</Cuidados>

		</Planta>
		<Planta NOMBRE='Sandia'>
			<Descripcion>
			Es una planta herbácea de ciclo anual, trepadora o rastrera, de textura áspera, con tallos pilosos provistos de zarcillos y hojas de cinco lóbulos profundos. Las flores son amarillas, grandes y unisexuales, las femeninas tienen el gineceo con tres carpelos, y las masculinas con cinco estambres. El fruto de la planta es grande (normalmente más de 4 kilos), pepónide, carnoso y jugoso (más del 90% es agua), casi esférico, de textura lisa y sin porosidades, de color verde en dos o más tonos. La pulpa es de color rojo - por el antioxidante licopeno (también presente en los tomates), y de carne generalmente de sabor dulce (más raramente amarilla y amarga). Las numerosas semillas pueden llegar a medir 1 cm de longitud, son de color negro, marrón o blanco y ricas en vitamina E, se han utilizado en medicina popular y también se consumen tostadas como alimento. 
			</Descripcion>
			<Cuidados>
				<Clima>
					La sandía es muy poco exigente el clima, aunque presenta problemas con su germinación y desarrollo si durante su crecimiento se producen contrastes de temperatura muy bruscos y pronunciados, provocando estos desajustes que los tallos se debiliten y que el polen quede inservible. Otro factor importante derivado del clima es la humedad, ya que esta es determinante en la floración de la planta.
				</Clima>
				<Terreno>
					Mantener el suelo en óptimas condiciones para garantizar el crecimiento de la sandía se realiza mediante una técnica conocida como "acolchado". El acolchado consiste en cubrir el suelo donde crece la sandía con polietileno negro, plástico, para lograr aumentar la temperatura del sustrato, reducir la evaporación del agua de riego y evitar que se reproduzcan las malas hierbas. De esta manera mejoras la calidad de la planta y garantizas una buena producción.
				</Terreno>
				<Plagas NOMBRE='Orugas'>
					Podemos observar agujeros en las hojas, ramas o frutos y la clave para diferenciarlas de los caracoles y babosas es que estos dejan un camino plateado por donde pasan, en el caso de las orugas solo veríamos los excrementos. Podemos usar un remedio casero como APICHI o comprar Bacillus Thuringiensis.
					
				</Plagas>
				<Plagas NOMBRE='Pulgón'>
					Los podemos encontrar en los brotes nuevos o bajo las hojas, son rechonchos y de color verde claro u oscuro. Los pulgones cuando crecen mudan la piel y es frecuente de ver una piel blanca.
					
				</Plagas>
				<Riegos>
					La sandía es una planta que demanda mucha agua, pero no siempre la misma, ya que la cantidad y la frecuencia de riego depende de cada fase del cultivo, y debe ser la correcta en todo momento o las cosas pueden ir realmente mal.
						Primera etapa, crecimiento de la planta:
							En esta primera etapa ―que va desde que se planta o siembra la sandía hasta que aparecen las flores― la sandía demanda poca agua.
						Segunda etapa, desarrolo del fruto:
							Esta es sin duda la fase más crítica en cuanto a la gestión del agua en este cultivo. Es cuando las plantas van a demandar mayor cantidad de agua, y además, los frutos son muy sensibles a las fluctuaciones de humedad del suelo ―se pueden agrietar especialmente cerca del final del cultivo―, por lo que ha de estar suficientemente húmedo en todo momento.
							Con este escenario, lo ideal es realizar riegos diarios e intensos, para evitar que el suelo se pueda secar en exceso.

				</Riegos>
			</Cuidados>
		</Planta>
	</Frutales>
	<Hortalizas>
		<Planta NOMBRE='Papa'>
			<Descripcion>
				La papa o patata (Solanum tuberosum) es una especie de planta herbácea perteneciente al género Solanum de la familia de las solanáceas, originaria de la región que hoy comprendería al altiplano sur del Perú y al noroeste de Bolivia.
				</Descripcion>
				<Cuidados>
					<Clima>
					Esta planta necesita de clima templado. Puedes cultivar en clima de templado a frío, aunque el frío en exceso puede perjudicar al desarrollo de la patata evitando que continúe de forma natural su desarrollo. Sin embargo, si las temperaturas son demasiado altas queda expuesta plagas y enfermedades. Este cultivo, además, es muy sensible a las heladas, quedando dañados los tubérculos si el frío es intenso. Debes controlar también la humedad, ya que es uno de los factores más importantes en el cultivo de patata alterando su desarrollo en su germinación o madurez si es excesivamente alta.
					</Clima>
					<Terreno>
					En lo referente al suelo, la patata es tan poco exigente que solo los suelos demasiado compactos y pedregosos son los únicos donde no se aconseja cultivarla. Aunque se da bien en cualquier terreno, la calidad del fruto varía:

    			En terrenos con exceso de humedad los tubérculos son blandos y con poco sabor.
    			En los terrenos secos el rizoma se alarga demasiado y aumenta el número de tubérculos, pero disminuye su tamaño.

					En definitiva, la patata prefiere los suelos ligeros y profundos y ricos en humus y tolera muy bien la salinidad.
					</Terreno>
					<Plagas NOMBRE='Alternariosis'>
						 Manchas necróticas en las hojas de color marrón claro a oscuro con anillos concéntricos, manchas restringidas por las nervaduras.
						 Manejo: Eliminación de rastrojos del cultivo anterior y malezas, uso de semilla sana, uso de variedad resistente (generalmente tardías),uso de fungicidas (contacto - sistémico), corte de follaje antes de la cosecha, elección de tubérculos y cosecha oportuna.
					
					</Plagas>
					<Plagas NOMBRE='Mosca Minadora'>
					la Mosca minadora de la hoja, Liriomyza huidoibrensis.Este insecto mide de 2-3 mm de longitud aproximadamente y de color negro con manchas o líneas amarillas en el cuerpo. Lo que producen son perforaciones, conocidas como “picaduras de alimentación”, circulares que miden, en promedio, 1 mm de diámetro. 
					</Plagas>
					<Riegos>
					El cultivo de patata es muy exigente con el riego, aunque si la riegas demasiado puede favorecer el desarrollo de enfermedades. Desde el momento en que siembras, el estado del suelo afecta a la evolución del cultivo de la planta, aunque tiene diferentes necesidades dependiendo del estado de desarrollo de la patata. Entre los diferentes tipos de riego que existen, instalar el riego por aspersión es la opción más aconsejable debido a que proporciona un regadío de calidad.
					</Riegos>
				</Cuidados>
		</Planta>

	</Hortalizas>

</Plantaciones>